user_id,duration,Type
60,2,Bot
60,13,Bot
60,3,Bot
60,1,Bot
61,14,Bot
61,2,Bot
61,34,Bot
61,10,Bot
61,4,Bot
62,13,Bot
62,2,Bot
62,1,Bot
62,2,Bot
62,2,Bot
62,2,Bot
62,1,Bot
62,4,Bot
62,3,Bot
62,4,Bot
62,18,Bot
63,19,Bot
63,8,Bot
63,2,Bot
63,2,Bot
63,2,Bot
63,1,Bot
63,2,Bot
63,4,Bot
64,16,Bot
64,4,Bot
64,5,Bot
64,5,Bot
64,3,Bot
64,3,Bot
64,3,Bot
64,4,Bot
64,2,Bot
65,17,Bot
65,6,Bot
65,5,Bot
65,4,Bot
65,0,Bot
65,3,Bot
65,2,Bot
65,4,Bot
65,1,Bot
65,4,Bot
65,3,Bot
65,2,Bot
65,2,Bot
66,15,Bot
66,2,Bot
66,4,Bot
66,3,Bot
67,17,Bot
67,3,Bot
67,4,Bot
67,5,Bot
67,4,Bot
67,3,Bot
67,1,Bot
67,4,Bot
67,1,Bot
67,5,Bot
67,0,Bot
68,14,Bot
67,2,Bot
67,23,Bot
68,3,Bot
68,1,Bot
68,2,Bot
69,17,Bot
69,4,Bot
69,4,Bot
69,3,Bot
69,7,Bot
69,4,Bot
69,4,Bot
69,1,Bot
70,17,Bot
70,3,Bot
69,3,Bot
69,5,Bot
69,2,Bot
70,2,Bot
70,3,Bot
70,3,Bot
70,2,Bot
70,2,Bot
70,2,Bot
70,3,Bot
70,2,Bot
70,2,Bot
71,15,Bot
71,2,Bot
71,1,Bot
71,3,Bot
71,2,Bot
71,1,Bot
71,2,Bot
71,2,Bot
71,2,Bot
71,1,Bot
71,3,Bot
72,21,Bot
73,15,Bot
73,3,Bot
72,4,Bot
73,2,Bot
73,2,Bot
72,4,Bot
73,2,Bot
72,3,Bot
73,2,Bot
72,4,Bot
73,4,Bot
72,1,Bot
73,1,Bot
73,3,Bot
75,14,Bot
74,31,Bot
75,2,Bot
75,1,Bot
75,3,Bot
74,1,Bot
75,2,Bot
75,3,Bot
74,1,Bot
75,3,Bot
74,2,Bot
74,3,Bot
75,2,Bot
75,4,Bot
74,4,Bot
75,5,Bot
74,4,Bot
75,2,Bot
75,2,Bot
74,4,Bot
75,2,Bot
75,4,Bot
74,5,Bot
74,4,Bot
74,4,Bot
74,4,Bot
74,2,Bot
76,33,Bot
76,3,Bot
76,6,Bot
76,4,Bot
76,2,Bot
76,6,Bot
76,5,Bot
76,5,Bot
76,3,Bot
76,2,Bot
76,2,Bot
76,2,Bot
77,31,Bot
77,2,Bot
77,13,Bot
77,5,Bot
77,5,Bot
78,15,Bot
77,4,Bot
77,5,Bot
78,3,Bot
77,6,Bot
78,2,Bot
78,2,Bot
77,3,Bot
78,2,Bot
78,2,Bot
78,2,Bot
78,4,Bot
78,3,Bot
78,2,Bot
78,2,Bot
78,1,Bot
79,23,Bot
79,3,Bot
79,3,Bot
79,2,Bot
79,3,Bot
79,2,Bot
79,2,Bot
80,26,Bot
79,2,Bot
79,2,Bot
80,4,Bot
79,2,Bot
80,4,Bot
79,3,Bot
80,4,Bot
79,1,Bot
79,2,Bot
80,4,Bot
79,2,Bot
80,5,Bot
80,15,Bot
80,4,Bot
81,14,Bot
81,2,Bot
81,2,Bot
81,3,Bot
81,3,Bot
81,2,Bot
81,3,Bot
81,2,Bot
81,3,Bot
81,2,Bot
83,15,Bot
83,3,Bot
82,12,Bot
83,2,Bot
83,2,Bot
82,2,Bot
83,2,Bot
83,3,Bot
82,4,Bot
82,5,Bot
83,2,Bot
82,1,Bot
83,3,Bot
82,2,Bot
82,1,Bot
83,3,Bot
82,3,Bot
83,3,Bot
83,3,Bot
83,4,Bot
82,2,Bot
82,3,Bot
83,4,Bot
84,2,Bot
84,2,Bot
84,2,Bot
84,2,Bot
84,4,Bot
84,3,Bot
84,4,Bot
84,3,Bot
84,7,Bot
84,3,Bot
85,22,Bot
85,2,Bot
85,2,Bot
85,3,Bot
85,3,Bot
85,3,Bot
85,3,Bot
85,3,Bot
85,3,Bot
86,25,Bot
85,3,Bot
85,4,Bot
85,3,Bot
86,4,Bot
85,4,Bot
86,6,Bot
86,2,Bot
86,3,Bot
87,17,Bot
87,3,Bot
87,2,Bot
87,1,Bot
87,3,Bot
87,3,Bot
87,3,Bot
88,26,Bot
87,4,Bot
87,4,Bot
87,3,Bot
88,3,Bot
87,2,Bot
87,5,Bot
87,2,Bot
88,0,Bot
88,3,Bot
88,19,Bot
88,5,Bot
89,15,Bot
89,2,Bot
89,3,Bot
89,3,Bot
89,2,Bot
89,2,Bot
89,2,Bot
89,3,Bot
89,2,Bot
89,4,Bot
89,3,Bot
89,4,Bot
89,3,Bot
90,15,Bot
90,2,Bot
90,2,Bot
90,1,Bot
90,3,Bot
90,3,Bot
90,3,Bot
90,3,Bot
90,4,Bot
90,4,Bot
90,3,Bot
90,3,Bot
90,3,Bot
91,15,Bot
91,2,Bot
91,1,Bot
91,4,Bot
91,3,Bot
91,4,Bot
91,3,Bot
91,2,Bot
91,2,Bot
91,2,Bot
91,2,Bot
91,2,Bot
91,2,Bot
91,3,Bot
91,4,Bot
92,16,Bot
92,3,Bot
92,2,Bot
92,2,Bot
92,3,Bot
92,2,Bot
92,3,Bot
92,4,Bot
92,3,Bot
92,4,Bot
92,3,Bot
92,3,Bot
92,3,Bot
92,2,Bot
92,2,Bot
93,16,Bot
93,3,Bot
93,1,Bot
93,2,Bot
93,2,Bot
93,5,Bot
93,2,Bot
93,4,Bot
93,4,Bot
94,35,Bot
93,2,Bot
93,2,Bot
93,1,Bot
94,4,Bot
93,2,Bot
94,6,Bot
93,3,Bot
94,5,Bot
94,5,Bot
94,4,Bot
94,9,Bot
95,15,Bot
95,2,Bot
95,4,Bot
95,4,Bot
95,2,Bot
95,1,Bot
95,2,Bot
95,3,Bot
95,3,Bot
95,2,Bot
95,2,Bot
95,1,Bot
95,2,Bot
96,22,Bot
96,6,Bot
96,2,Bot
96,4,Bot
97,16,Bot
96,4,Bot
97,3,Bot
97,2,Bot
97,2,Bot
97,2,Bot
97,2,Bot
97,2,Bot
97,3,Bot
97,16,Bot
97,3,Bot
97,5,Bot
97,2,Bot
97,4,Bot
97,4,Bot
98,15,Bot
98,3,Bot
98,4,Bot
98,3,Bot
99,46,Bot
98,2,Bot
99,5,Bot
98,3,Bot
99,2,Bot
98,2,Bot
99,5,Bot
98,1,Bot
98,2,Bot
99,1,Bot
99,4,Bot
98,2,Bot
99,2,Bot
98,3,Bot
99,5,Bot
99,5,Bot
98,1,Bot
98,3,Bot
99,2,Bot
99,3,Bot
99,4,Bot
100,16,Bot
100,2,Bot
100,2,Bot
100,2,Bot
101,28,Bot
100,1,Bot
100,2,Bot
101,5,Bot
100,2,Bot
101,4,Bot
100,3,Bot
100,1,Bot
101,2,Bot
100,2,Bot
100,4,Bot
101,4,Bot
100,2,Bot
101,6,Bot
100,0,Bot
100,1,Bot
101,17,Bot
100,2,Bot
101,3,Bot
101,5,Bot
101,1,Bot
101,3,Bot
102,19,Bot
102,5,Bot
102,2,Bot
102,4,Bot
102,4,Bot
102,3,Bot
102,2,Bot
102,5,Bot
104,16,Bot
104,2,Bot
104,10,Bot
105,16,Bot
105,5,Bot
105,11,Bot
106,16,Bot
106,3,Bot
106,9,Bot
107,17,Bot
107,3,Bot
107,11,Bot
108,14,Bot
108,2,Bot
108,10,Bot
109,15,Bot
109,3,Bot
109,10,Bot
110,15,Bot
110,6,Bot
110,11,Bot
111,16,Bot
111,2,Bot
111,10,Bot
112,0,Bot
112,4,Bot
113,16,Bot
113,3,Bot
113,33,Bot
113,11,Bot
113,6,Bot
114,13,Bot
114,16,Bot
114,1,Bot
114,1,Bot
114,2,Bot
115,4,Bot
115,2,Bot
115,4,Bot
115,5,Bot
115,3,Bot
115,3,Bot
115,3,Bot
115,3,Bot
115,8,Bot
115,2,Bot
115,1,Bot
115,2,Bot
116,6,Bot
116,6,Bot
116,5,Bot
116,3,Bot
116,3,Bot
116,3,Bot
116,2,Bot
116,3,Bot
116,4,Bot
116,4,Bot
116,1,Bot
116,1,Bot
117,43,Bot
117,4,Bot
117,2,Bot
117,3,Bot
117,4,Bot
117,4,Bot
117,3,Bot
117,4,Bot
117,3,Bot
117,4,Bot
117,5,Bot
117,5,Bot
118,40,Bot
118,3,Bot
118,2,Bot
118,3,Bot
118,4,Bot
118,4,Bot
118,4,Bot
118,4,Bot
119,28,Bot
119,1,Bot
119,1,Bot
119,3,Bot
119,1,Bot
119,3,Bot
119,3,Bot
119,2,Bot
119,4,Bot
119,5,Bot
119,3,Bot
119,7,Bot
119,3,Bot
119,2,Bot
120,20,Bot
120,1,Bot
120,4,Bot
120,2,Bot
120,4,Bot
120,1,Bot
120,2,Bot
120,1,Bot
120,4,Bot
120,1,Bot
120,2,Bot
120,4,Bot
120,3,Bot
121,38,Bot
121,5,Bot
121,4,Bot
121,1,Bot
121,1,Bot
121,1,Bot
121,1,Bot
121,1,Bot
121,4,Bot
121,3,Bot
121,5,Bot
121,3,Bot
121,4,Bot
122,27,Bot
122,2,Bot
122,1,Bot
122,3,Bot
122,2,Bot
122,3,Bot
122,3,Bot
122,2,Bot
122,5,Bot
122,3,Bot
123,3,Bot
123,4,Bot
123,4,Bot
123,6,Bot
123,5,Bot
124,26,Bot
124,3,Bot
124,4,Bot
124,4,Bot
124,3,Bot
124,3,Bot
124,3,Bot
124,2,Bot
124,1,Bot
127,4,Bot
127,2,Bot
127,2,Bot
127,1,Bot
128,22,Bot
128,2,Bot
128,1,Bot
128,2,Bot
128,5,Bot
128,2,Bot
129,16,Bot
129,2,Bot
129,2,Bot
129,2,Bot
129,3,Bot
129,3,Bot
132,3,Bot
132,1,Bot
132,1,Bot
132,1,Bot
132,1,Bot
132,1,Bot
133,14,Bot
133,2,Bot
133,1,Bot
133,2,Bot
133,1,Bot
133,2,Bot
134,16,Bot
134,2,Bot
134,2,Bot
134,1,Bot
134,2,Bot
134,2,Bot
135,15,Bot
135,1,Bot
135,2,Bot
135,2,Bot
135,2,Bot
135,2,Bot
136,14,Bot
136,1,Bot
136,2,Bot
136,2,Bot
136,2,Bot
136,2,Bot
137,23,Bot
137,17,Bot
137,3,Bot
137,2,Bot
137,1,Bot
137,2,Bot
137,1,Bot
137,3,Bot
137,12,Bot
137,3,Bot
137,4,Bot
137,2,Bot
137,5,Bot
137,2,Bot
137,2,Bot
137,3,Bot
137,3,Bot
137,3,Bot
137,3,Bot
137,3,Bot
137,10,Bot
138,15,Bot
137,11,Bot
137,2,Bot
137,3,Bot
137,3,Bot
137,4,Bot
138,3,Bot
138,2,Bot
138,2,Bot
138,1,Bot
138,3,Bot
139,17,Bot
140,26,Bot
140,16,Bot
139,2,Bot
140,4,Bot
140,3,Bot
139,2,Bot
140,2,Bot
140,1,Bot
140,1,Bot
139,3,Bot
139,2,Bot
140,4,Bot
140,4,Bot
139,2,Bot
140,3,Bot
140,2,Bot
140,5,Bot
140,4,Bot
140,0,Bot
140,2,Bot
140,3,Bot
140,2,Bot
140,3,Bot
140,2,Bot
140,1,Bot
140,1,Bot
140,3,Bot
140,3,Bot
140,3,Bot
140,14,Bot
140,2,Bot
140,3,Bot
141,15,Bot
141,2,Bot
141,1,Bot
141,2,Bot
141,2,Bot
141,2,Bot
142,10,Bot
142,17,Bot
142,4,Bot
142,2,Bot
143,16,Bot
142,3,Bot
142,0,Bot
143,2,Bot
143,1,Bot
143,1,Bot
143,2,Bot
143,2,Bot
144,16,Bot
144,2,Bot
144,1,Bot
144,2,Bot
144,1,Bot
144,1,Bot
145,14,Bot
145,3,Bot
145,2,Bot
145,2,Bot
145,2,Bot
145,3,Bot
146,15,Bot
146,2,Bot
146,2,Bot
146,2,Bot
146,2,Bot
146,2,Bot
147,17,Bot
147,3,Bot
147,1,Bot
147,1,Bot
147,1,Bot
147,2,Bot
148,16,Bot
149,21,Bot
149,17,Bot
148,1,Bot
149,2,Bot
149,2,Bot
148,1,Bot
149,1,Bot
149,1,Bot
148,2,Bot
149,5,Bot
149,2,Bot
148,1,Bot
148,1,Bot
149,3,Bot
149,13,Bot
149,1,Bot
149,2,Bot
149,2,Bot
149,2,Bot
149,1,Bot
149,2,Bot
149,3,Bot
149,3,Bot
149,3,Bot
149,2,Bot
149,11,Bot
150,15,Bot
150,2,Bot
151,36,Bot
151,17,Bot
150,1,Bot
150,2,Bot
151,4,Bot
151,1,Bot
150,1,Bot
150,2,Bot
151,1,Bot
151,0,Bot
151,1,Bot
151,5,Bot
151,3,Bot
151,4,Bot
151,4,Bot
151,3,Bot
151,2,Bot
151,2,Bot
151,2,Bot
151,1,Bot
151,1,Bot
151,2,Bot
151,9,Bot
151,2,Bot
151,2,Bot
151,1,Bot
151,2,Bot
151,3,Bot
151,2,Bot
151,2,Bot
152,14,Bot
152,0,Bot
152,5,Bot
152,1,Bot
152,1,Bot
152,1,Bot
152,1,Bot
152,1,Bot
152,3,Bot
152,4,Bot
152,3,Bot
152,2,Bot
152,2,Bot
153,13,Bot
153,1,Bot
153,1,Bot
154,17,Bot
153,1,Bot
153,9,Bot
154,1,Bot
153,1,Bot
153,1,Bot
154,2,Bot
153,0,Bot
154,2,Bot
153,6,Bot
154,2,Bot
154,2,Bot
153,3,Bot
153,2,Bot
153,3,Bot
153,3,Bot
155,13,Bot
155,3,Bot
155,2,Bot
155,1,Bot
155,1,Bot
155,2,Bot
155,1,Bot
155,1,Bot
155,4,Bot
155,1,Bot
155,4,Bot
155,3,Bot
155,4,Bot
156,14,Bot
156,1,Bot
156,2,Bot
156,2,Bot
156,2,Bot
156,2,Bot
157,13,Bot
157,1,Bot
157,2,Bot
157,1,Bot
157,0,Bot
157,1,Bot
158,13,Bot
157,5,Bot
157,1,Bot
157,4,Bot
157,3,Bot
158,2,Bot
158,3,Bot
158,1,Bot
158,2,Bot
158,1,Bot
159,12,Bot
160,15,Bot
159,0,Bot
159,1,Bot
159,1,Bot
160,3,Bot
160,1,Bot
159,2,Bot
159,1,Bot
160,1,Bot
159,1,Bot
160,2,Bot
159,1,Bot
160,2,Bot
159,5,Bot
159,4,Bot
159,3,Bot
161,17,Bot
161,1,Bot
161,1,Bot
161,2,Bot
162,13,Bot
161,1,Bot
161,3,Bot
162,1,Bot
162,2,Bot
162,5,Bot
162,1,Bot
162,1,Bot
162,1,Bot
162,1,Bot
162,4,Bot
162,3,Bot
162,3,Bot
162,2,Bot
163,14,Bot
163,2,Bot
163,2,Bot
163,2,Bot
163,2,Bot
163,2,Bot
164,21,Bot
164,2,Bot
164,1,Bot
164,1,Bot
164,1,Bot
164,1,Bot
164,1,Bot
165,16,Bot
164,1,Bot
165,2,Bot
164,2,Bot
164,1,Bot
165,5,Bot
164,6,Bot
164,3,Bot
164,2,Bot
164,5,Bot
164,3,Bot
164,4,Bot
165,4,Bot
166,22,Bot
166,1,Bot
166,6,Bot
166,1,Bot
166,0,Bot
166,1,Bot
167,17,Bot
166,0,Bot
166,1,Bot
167,4,Bot
166,4,Bot
167,5,Bot
166,3,Bot
166,2,Bot
166,2,Bot
167,34,Bot
168,21,Bot
168,1,Bot
168,0,Bot
168,0,Bot
168,1,Bot
168,4,Bot
168,5,Bot
168,1,Bot
168,1,Bot
168,4,Bot
168,3,Bot
168,4,Bot
169,18,Bot
169,4,Bot
169,6,Bot
169,33,Bot
170,24,Bot
170,3,Bot
170,1,Bot
170,2,Bot
170,1,Bot
171,20,Bot
170,1,Bot
170,2,Bot
170,1,Bot
171,3,Bot
171,4,Bot
170,4,Bot
170,4,Bot
171,3,Bot
171,2,Bot
171,4,Bot
170,5,Bot
170,2,Bot
171,3,Bot
171,2,Bot
171,1,Bot
172,16,Bot
173,19,Bot
173,2,Bot
172,2,Bot
173,1,Bot
173,1,Bot
172,2,Bot
172,1,Bot
173,1,Bot
172,1,Bot
173,1,Bot
173,1,Bot
172,2,Bot
173,5,Bot
173,5,Bot
173,3,Bot
174,15,Bot
174,2,Bot
174,2,Bot
174,2,Bot
174,1,Bot
175,23,Bot
174,3,Bot
175,6,Bot
175,3,Bot
175,2,Bot
175,4,Bot
175,1,Bot
175,1,Bot
175,4,Bot
175,4,Bot
175,2,Bot
176,16,Bot
176,2,Bot
176,3,Bot
177,20,Bot
176,2,Bot
177,1,Bot
176,2,Bot
176,2,Bot
177,2,Bot
177,5,Bot
177,1,Bot
177,1,Bot
177,4,Bot
178,14,Bot
179,21,Bot
178,1,Bot
179,2,Bot
178,1,Bot
179,4,Bot
179,1,Bot
178,2,Bot
179,1,Bot
178,1,Bot
178,2,Bot
179,1,Bot
179,1,Bot
179,3,Bot
179,1,Bot
179,2,Bot
180,16,Bot
180,2,Bot
180,1,Bot
180,1,Bot
180,2,Bot
180,2,Bot
181,17,Bot
181,1,Bot
181,1,Bot
181,1,Bot
181,1,Bot
181,1,Bot
181,3,Bot
182,17,Bot
181,2,Bot
181,1,Bot
182,3,Bot
182,1,Bot
182,2,Bot
182,2,Bot
182,3,Bot
183,15,Bot
183,2,Bot
183,1,Bot
184,22,Bot
183,2,Bot
183,2,Bot
184,1,Bot
183,2,Bot
184,2,Bot
184,1,Bot
184,3,Bot
184,0,Bot
184,2,Bot
185,15,Bot
185,2,Bot
185,2,Bot
185,1,Bot
185,2,Bot
185,2,Bot
186,23,Bot
186,23,Bot
187,15,Bot
186,4,Bot
187,2,Bot
187,3,Bot
187,2,Bot
187,2,Bot
187,3,Bot
186,1,Bot
187,4,Bot
187,1,Bot
187,2,Bot
186,1,Bot
186,1,Bot
186,1,Bot
186,1,Bot
186,1,Bot
186,4,Bot
186,3,Bot
186,2,Bot
188,14,Bot
188,2,Bot
188,3,Bot
188,3,Bot
188,1,Bot
188,2,Bot
188,3,Bot
188,3,Bot
188,3,Bot
188,2,Bot
188,6,Bot
188,3,Bot
188,1,Bot
188,2,Bot
188,2,Bot
188,1,Bot
188,2,Bot
190,16,Bot
190,3,Bot
190,2,Bot
190,2,Bot
190,2,Bot
190,2,Bot
190,5,Bot
189,15,Bot
189,15,Bot
189,4,Bot
191,16,Bot
191,3,Bot
191,4,Bot
191,2,Bot
191,2,Bot
191,2,Bot
191,2,Bot
191,3,Bot
191,2,Bot
191,2,Bot
191,3,Bot
191,5,Bot
191,2,Bot
191,2,Bot
191,3,Bot
193,15,Bot
192,27,Bot
193,2,Bot
193,2,Bot
193,2,Bot
192,1,Bot
192,2,Bot
192,1,Bot
193,2,Bot
193,1,Bot
192,2,Bot
192,1,Bot
193,2,Bot
193,3,Bot
193,4,Bot
192,0,Bot
192,1,Bot
192,1,Bot
193,2,Bot
192,2,Bot
193,1,Bot
193,2,Bot
192,4,Bot
192,4,Bot
192,4,Bot
194,2,Bot
194,3,Bot
194,3,Bot
194,2,Bot
194,3,Bot
194,5,Bot
194,2,Bot
194,3,Bot
194,4,Bot
194,6,Bot
194,4,Bot
195,27,Bot
194,1,Bot
195,2,Bot
195,4,Bot
195,5,Bot
195,2,Bot
195,1,Bot
196,14,Bot
195,1,Bot
196,2,Bot
196,2,Bot
196,1,Bot
195,4,Bot
196,2,Bot
196,2,Bot
196,4,Bot
196,3,Bot
196,4,Bot
196,3,Bot
196,4,Bot
196,2,Bot
196,3,Bot
197,17,Bot
198,33,Bot
197,4,Bot
198,3,Bot
198,2,Bot
198,3,Bot
198,1,Bot
198,2,Bot
198,17,Bot
198,3,Bot
198,2,Bot
198,4,Bot
198,4,Bot
198,5,Bot
199,16,Bot
198,2,Bot
199,4,Bot
199,1,Bot
199,2,Bot
199,1,Bot
199,1,Bot
199,2,Bot
200,2,Bot
199,0,Bot
200,2,Bot
200,2,Bot
199,1,Bot
200,3,Bot
199,1,Bot
199,1,Bot
200,4,Bot
199,1,Bot
200,4,Bot
200,3,Bot
200,3,Bot
200,3,Bot
200,3,Bot
200,6,Bot
200,2,Bot
201,15,Bot
201,2,Bot
201,3,Bot
201,2,Bot
201,2,Bot
201,2,Bot
202,25,Bot
202,1,Bot
201,3,Bot
202,1,Bot
201,3,Bot
202,0,Bot
201,4,Bot
202,2,Bot
202,2,Bot
201,16,Bot
202,0,Bot
201,2,Bot
201,4,Bot
202,4,Bot
201,6,Bot
202,0,Bot
202,0,Bot
202,1,Bot
202,1,Bot
202,1,Bot
203,28,Bot
204,16,Bot
203,2,Bot
204,2,Bot
203,2,Bot
204,2,Bot
204,2,Bot
203,1,Bot
204,2,Bot
204,2,Bot
203,3,Bot
203,2,Bot
204,3,Bot
203,1,Bot
204,4,Bot
203,1,Bot
204,2,Bot
203,1,Bot
204,3,Bot
203,0,Bot
204,3,Bot
204,2,Bot
203,2,Bot
204,5,Bot
203,3,Bot
203,0,Bot
205,28,Bot
205,2,Bot
205,2,Bot
205,5,Bot
205,1,Bot
205,1,Bot
205,1,Bot
205,1,Bot
205,0,Bot
205,1,Bot
205,1,Bot
205,1,Bot
205,0,Bot
206,39,Bot
206,1,Bot
206,1,Bot
206,1,Bot
206,4,Bot
206,0,Bot
206,3,Bot
206,0,Bot
206,3,Bot
206,1,Bot
206,5,Bot
206,1,Bot
207,39,Bot
207,1,Bot
207,4,Bot
207,1,Bot
208,37,Bot
209,1,Bot
208,1,Bot
209,3,Bot
209,2,Bot
208,4,Bot
209,2,Bot
209,2,Bot
208,1,Bot
209,2,Bot
208,3,Bot
209,4,Bot
209,3,Bot
208,1,Bot
209,1,Bot
208,4,Bot
209,1,Bot
209,2,Bot
208,1,Bot
208,3,Bot
208,1,Bot
208,5,Bot
208,1,Bot
210,2,Bot
210,2,Bot
210,2,Bot
210,1,Bot
210,2,Bot
210,4,Bot
210,3,Bot
210,3,Bot
210,4,Bot
210,1,Bot
210,2,Bot
211,30,Bot
211,3,Bot
211,1,Bot
211,2,Bot
211,1,Bot
211,2,Bot
212,17,Bot
212,1,Bot
212,3,Bot
212,1,Bot
212,4,Bot
212,0,Bot
212,3,Bot
212,1,Bot
213,2,Bot
212,1,Bot
212,4,Bot
213,2,Bot
213,1,Bot
213,2,Bot
213,2,Bot
214,16,Bot
214,0,Bot
215,16,Bot
214,4,Bot
214,1,Bot
215,3,Bot
214,3,Bot
215,2,Bot
214,1,Bot
215,2,Bot
214,3,Bot
215,1,Bot
215,2,Bot
214,1,Bot
214,4,Bot
214,0,Bot
216,14,Bot
216,1,Bot
216,4,Bot
216,1,Bot
216,3,Bot
216,1,Bot
216,4,Bot
216,1,Bot
216,3,Bot
216,4,Bot
217,26,Bot
217,3,Bot
217,2,Bot
217,2,Bot
218,3,Bot
217,3,Bot
217,4,Bot
218,1,Bot
217,1,Bot
217,8,Bot
218,1,Bot
218,2,Bot
218,4,Bot
217,5,Bot
217,7,Bot
217,4,Bot
217,3,Bot
219,19,Bot
219,4,Bot
219,2,Bot
219,3,Bot
219,1,Bot
219,1,Bot
219,7,Bot
219,4,Bot
219,3,Bot
220,18,Bot
220,3,Bot
220,2,Bot
220,2,Bot
220,2,Bot
220,0,Bot
220,2,Bot
220,2,Bot
220,1,Bot
220,7,Bot
220,3,Bot
220,2,Bot
220,2,Bot
220,2,Bot
221,20,Bot
221,1,Bot
221,3,Bot
221,4,Bot
221,2,Bot
221,1,Bot
221,4,Bot
221,3,Bot
221,4,Bot
221,4,Bot
222,19,Bot
222,2,Bot
222,5,Bot
222,4,Bot
222,2,Bot
222,3,Bot
222,2,Bot
222,2,Bot
222,3,Bot
222,1,Bot
223,42,Bot
223,2,Bot
223,0,Bot
223,3,Bot
223,3,Bot
223,3,Bot
223,3,Bot
223,2,Bot
223,1,Bot
223,3,Bot
223,3,Bot
223,3,Bot
224,13,Bot
224,1,Bot
224,3,Bot
224,4,Bot
224,1,Bot
224,3,Bot
224,8,Bot
224,4,Bot
224,4,Bot
224,2,Bot
225,16,Bot
225,1,Bot
225,1,Bot
225,4,Bot
225,4,Bot
225,0,Bot
225,2,Bot
225,6,Bot
225,4,Bot
225,2,Bot
225,2,Bot
226,15,Bot
226,2,Bot
226,3,Bot
226,2,Bot
226,1,Bot
226,2,Bot
226,1,Bot
226,2,Bot
226,1,Bot
226,4,Bot
226,3,Bot
226,3,Bot
227,17,Bot
227,3,Bot
227,3,Bot
227,3,Bot
227,3,Bot
227,2,Bot
227,2,Bot
227,1,Bot
227,7,Bot
227,3,Bot
227,2,Bot
228,14,Bot
228,2,Bot
228,3,Bot
228,2,Bot
228,0,Bot
228,2,Bot
228,1,Bot
228,1,Bot
228,3,Bot
228,1,Bot
228,1,Bot
228,1,Bot
228,1,Bot
228,8,Bot
229,15,Bot
229,3,Bot
229,1,Bot
229,2,Bot
229,4,Bot
229,4,Bot
229,4,Bot
229,0,Bot
229,1,Bot
229,1,Bot
229,1,Bot
229,0,Bot
229,1,Bot
229,2,Bot
230,17,Bot
230,3,Bot
230,3,Bot
230,3,Bot
230,3,Bot
230,2,Bot
230,1,Bot
230,1,Bot
230,1,Bot
230,1,Bot
230,1,Bot
230,2,Bot
231,29,Bot
231,2,Bot
231,4,Bot
231,4,Bot
231,1,Bot
231,5,Bot
231,1,Bot
231,1,Bot
231,1,Bot
231,1,Bot
231,2,Bot
232,35,Bot
232,2,Bot
232,4,Bot
232,4,Bot
232,2,Bot
232,2,Bot
232,2,Bot
232,1,Bot
232,2,Bot
232,2,Bot
232,2,Bot
232,2,Bot
232,1,Bot
232,2,Bot
232,2,Bot
233,27,Bot
233,5,Bot
233,3,Bot
233,4,Bot
233,4,Bot
233,1,Bot
233,1,Bot
233,2,Bot
233,2,Bot
233,1,Bot
233,2,Bot
233,2,Bot
234,12,Bot
234,3,Bot
234,5,Bot
234,2,Bot
234,4,Bot
234,2,Bot
234,1,Bot
234,2,Bot
234,1,Bot
234,2,Bot
234,1,Bot
234,1,Bot
234,1,Bot
234,1,Bot
234,2,Bot
235,11,Bot
235,1,Bot
235,4,Bot
235,4,Bot
235,2,Bot
235,2,Bot
235,2,Bot
235,1,Bot
235,1,Bot
235,1,Bot
235,1,Bot
235,1,Bot
235,1,Bot
235,6,Bot
236,12,Bot
236,1,Bot
236,4,Bot
236,4,Bot
236,1,Bot
236,1,Bot
236,2,Bot
236,2,Bot
236,1,Bot
236,1,Bot
236,2,Bot
236,1,Bot
237,16,Bot
237,3,Bot
237,2,Bot
237,2,Bot
237,2,Bot
237,2,Bot
237,2,Bot
237,1,Bot
237,1,Bot
237,1,Bot
237,2,Bot
237,2,Bot
237,1,Bot
238,11,Bot
238,4,Bot
238,3,Bot
238,2,Bot
238,1,Bot
238,1,Bot
238,1,Bot
238,1,Bot
238,0,Bot
238,1,Bot
238,2,Bot
238,1,Bot
238,1,Bot
238,1,Bot
239,15,Bot
239,3,Bot
239,2,Bot
239,1,Bot
239,2,Bot
239,4,Bot
239,3,Bot
239,4,Bot
239,2,Bot
239,2,Bot
239,1,Bot
239,1,Bot
239,1,Bot
239,1,Bot
240,15,Bot
240,1,Bot
240,2,Bot
240,2,Bot
240,3,Bot
240,1,Bot
240,4,Bot
240,4,Bot
240,2,Bot
240,0,Bot
240,0,Bot
240,1,Bot
240,1,Bot
240,1,Bot
241,16,Bot
241,2,Bot
241,3,Bot
241,4,Bot
241,3,Bot
241,4,Bot
241,1,Bot
241,1,Bot
242,17,Bot
242,1,Bot
242,3,Bot
242,2,Bot
243,16,Bot
243,1,Bot
243,2,Bot
243,3,Bot
243,2,Bot
243,1,Bot
244,13,Bot
244,2,Bot
244,3,Bot
244,3,Bot
244,2,Bot
244,1,Bot
244,3,Bot
244,1,Bot
245,17,Bot
245,1,Bot
245,2,Bot
245,3,Bot
245,4,Bot
245,2,Bot
245,2,Bot
245,1,Bot
246,19,Bot
246,3,Bot
247,17,Bot
247,3,Bot
247,2,Bot
247,2,Bot
248,15,Bot
248,3,Bot
248,3,Bot
248,5,Bot
248,3,Bot
249,17,Bot
249,4,Bot
249,1,Bot
250,23,Bot
250,5,Bot
250,2,Bot
250,11,Bot
250,2,Bot
250,1,Bot
250,2,Bot
250,3,Bot
250,3,Bot
250,0,Bot
250,3,Bot
250,4,Bot
251,26,Bot
251,24,Bot
251,1,Bot
251,3,Bot
251,3,Bot
251,2,Bot
251,4,Bot
251,2,Bot
251,4,Bot
251,4,Bot
251,14,Bot
251,5,Bot
252,15,Bot
252,16,Bot
252,1,Bot
252,2,Bot
252,0,Bot
252,5,Bot
253,21,Bot
253,26,Bot
253,3,Bot
253,4,Bot
253,3,Bot
253,4,Bot
253,0,Bot
253,3,Bot
254,10,Bot
254,7,Bot
254,2,Bot
254,2,Bot
254,1,Bot
254,0,Bot
254,2,Bot
254,2,Bot
254,3,Bot
254,14,Bot
254,5,Bot
255,14,Bot
255,17,Bot
255,5,Bot
255,4,Bot
255,3,Bot
255,3,Bot
256,17,Bot
256,7,Bot
256,2,Bot
256,2,Bot
256,2,Bot
256,1,Bot
256,1,Bot
257,14,Bot
257,1,Bot
257,1,Bot
257,1,Bot
257,2,Bot
257,1,Bot
257,1,Bot
257,1,Bot
257,3,Bot
257,5,Bot
257,5,Bot
257,4,Bot
257,3,Bot
257,3,Bot
258,5,Bot
258,3,Bot
258,2,Bot
258,2,Bot
258,4,Bot
258,3,Bot
259,13,Bot
259,1,Bot
259,1,Bot
259,2,Bot
259,1,Bot
259,1,Bot
259,8,Bot
259,1,Bot
259,3,Bot
259,3,Bot
259,5,Bot
260,22,Bot
260,4,Bot
260,5,Bot
260,3,Bot
260,2,Bot
260,2,Bot
260,4,Bot
260,2,Bot
260,3,Bot
260,3,Bot
261,18,Bot
261,1,Bot
261,0,Bot
261,1,Bot
261,1,Bot
261,1,Bot
261,1,Bot
262,14,Bot
261,1,Bot
262,2,Bot
262,4,Bot
261,3,Bot
262,4,Bot
261,3,Bot
261,3,Bot
262,3,Bot
261,1,Bot
262,2,Bot
263,15,Bot
263,2,Bot
263,2,Bot
263,4,Bot
263,4,Bot
264,18,Bot
264,3,Bot
264,1,Bot
264,1,Bot
264,1,Bot
264,1,Bot
264,3,Bot
264,0,Bot
264,4,Bot
264,3,Bot
265,14,Bot
264,3,Bot
264,3,Bot
265,3,Bot
265,6,Bot
265,2,Bot
265,3,Bot
265,4,Bot
265,5,Bot
265,2,Bot
267,14,Bot
267,3,Bot
267,4,Bot
267,3,Bot
267,3,Bot
266,14,Bot
266,17,Bot
267,5,Bot
267,4,Bot
267,4,Bot
267,3,Bot
266,3,Bot
266,2,Bot
266,3,Bot
266,3,Bot
266,4,Bot
268,16,Bot
268,4,Bot
268,3,Bot
268,2,Bot
268,2,Bot
268,3,Bot
268,3,Bot
269,15,Bot
269,18,Bot
269,2,Bot
269,3,Bot
270,15,Bot
269,2,Bot
269,12,Bot
269,3,Bot
270,3,Bot
270,1,Bot
269,1,Bot
271,15,Bot
271,2,Bot
271,5,Bot
271,4,Bot
271,4,Bot
272,17,Bot
271,3,Bot
271,2,Bot
272,17,Bot
272,26,Bot
271,4,Bot
272,26,Bot
271,3,Bot
272,1,Bot
272,1,Bot
272,3,Bot
272,3,Bot
272,1,Bot
273,13,Bot
273,16,Bot
273,4,Bot
273,5,Bot
273,4,Bot
273,2,Bot
274,15,Bot
274,2,Bot
274,2,Bot
275,14,Bot
275,2,Bot
275,3,Bot
276,13,Bot
276,1,Bot
276,0,Bot
276,1,Bot
276,1,Bot
276,0,Bot
277,18,Bot
276,1,Bot
276,1,Bot
276,2,Bot
277,3,Bot
276,3,Bot
277,5,Bot
276,4,Bot
276,3,Bot
277,3,Bot
277,4,Bot
277,4,Bot
277,1,Bot
278,14,Bot
278,2,Bot
278,2,Bot
278,2,Bot
278,1,Bot
278,1,Bot
278,2,Bot
278,1,Bot
278,4,Bot
278,4,Bot
278,4,Bot
278,4,Bot
279,14,Bot
279,2,Bot
279,2,Bot
279,1,Bot
279,2,Bot
279,0,Bot
279,1,Bot
279,0,Bot
279,1,Bot
279,5,Bot
279,3,Bot
279,2,Bot
279,2,Bot
280,12,Bot
280,1,Bot
280,1,Bot
280,1,Bot
280,4,Bot
280,2,Bot
280,2,Bot
280,2,Bot
280,2,Bot
281,17,Bot
281,1,Bot
281,1,Bot
281,1,Bot
281,2,Bot
281,1,Bot
281,4,Bot
281,4,Bot
281,4,Bot
281,2,Bot
282,16,Bot
282,2,Bot
282,1,Bot
282,2,Bot
282,3,Bot
283,15,Bot
283,2,Bot
283,3,Bot
284,22,Bot
284,2,Bot
284,0,Bot
284,1,Bot
284,4,Bot
285,3,Bot
285,2,Bot
285,2,Bot
285,2,Bot
285,2,Bot
285,2,Bot
286,14,Bot
285,3,Bot
286,1,Bot
285,3,Bot
285,2,Bot
286,1,Bot
285,2,Bot
286,1,Bot
286,0,Bot
286,13,Bot
287,16,Bot
287,2,Bot
287,1,Bot
287,1,Bot
287,2,Bot
287,4,Bot
288,2,Bot
288,1,Bot
287,3,Bot
287,3,Bot
288,2,Bot
288,2,Bot
288,1,Bot
288,2,Bot
288,2,Bot
288,2,Bot
288,3,Bot
288,2,Bot
289,18,Bot
289,0,Bot
289,1,Bot
289,2,Bot
289,2,Bot
290,2,Bot
289,1,Bot
289,1,Bot
289,1,Bot
290,3,Bot
290,2,Bot
289,3,Bot
290,2,Bot
289,3,Bot
290,3,Bot
289,3,Bot
290,3,Bot
290,4,Bot
290,1,Bot
290,3,Bot
290,2,Bot
291,13,Bot
291,2,Bot
291,1,Bot
291,1,Bot
291,1,Bot
292,15,Bot
292,2,Bot
291,1,Bot
291,1,Bot
292,2,Bot
291,2,Bot
292,2,Bot
291,1,Bot
292,2,Bot
291,1,Bot
292,2,Bot
291,1,Bot
291,1,Bot
292,2,Bot
292,2,Bot
292,1,Bot
292,2,Bot
292,2,Bot
293,18,Bot
293,1,Bot
294,15,Bot
293,1,Bot
294,2,Bot
293,1,Bot
293,1,Bot
294,3,Bot
294,3,Bot
293,0,Bot
294,1,Bot
294,2,Bot
293,1,Bot
293,1,Bot
294,1,Bot
294,2,Bot
294,3,Bot
293,1,Bot
294,1,Bot
294,4,Bot
293,1,Bot
294,4,Bot
293,1,Bot
293,1,Bot
294,3,Bot
294,2,Bot
294,2,Bot
294,3,Bot
294,1,Bot
294,2,Bot
294,3,Bot
294,3,Bot
295,13,Bot
295,3,Bot
295,1,Bot
295,1,Bot
295,1,Bot
296,22,Bot
296,0,Bot
296,3,Bot
296,1,Bot
296,4,Bot
296,1,Bot
296,3,Bot
296,3,Bot
296,3,Bot
296,1,Bot
297,14,Bot
297,1,Bot
297,1,Bot
297,1,Bot
297,2,Bot
297,1,Bot
297,3,Bot
297,0,Bot
297,0,Bot
297,3,Bot
297,7,Bot
297,2,Bot
297,1,Bot
297,4,Bot
298,15,Bot
298,3,Bot
298,2,Bot
298,2,Bot
298,3,Bot
298,2,Bot
298,2,Bot
298,2,Bot
298,2,Bot
298,4,Bot
298,2,Bot
298,1,Bot
299,14,Bot
299,1,Bot
299,1,Bot
299,3,Bot
299,3,Bot
299,3,Bot
299,1,Bot
299,2,Bot
300,14,Bot
299,1,Bot
300,1,Bot
299,3,Bot
299,5,Bot
300,3,Bot
300,3,Bot
299,1,Bot
300,2,Bot
300,2,Bot
299,3,Bot
299,4,Bot
300,3,Bot
300,3,Bot
300,3,Bot
300,4,Bot
300,2,Bot
300,1,Bot
301,14,Bot
301,2,Bot
301,1,Bot
301,2,Bot
301,1,Bot
301,4,Bot
301,5,Bot
301,4,Bot
302,2,Bot
302,2,Bot
301,3,Bot
301,2,Bot
302,2,Bot
302,2,Bot
301,1,Bot
301,1,Bot
302,6,Bot
302,2,Bot
302,1,Bot
302,1,Bot
303,15,Bot
303,3,Bot
303,1,Bot
303,3,Bot
303,2,Bot
303,1,Bot
303,2,Bot
304,15,Bot
303,1,Bot
303,5,Bot
304,1,Bot
303,2,Bot
304,3,Bot
304,3,Bot
303,1,Bot
303,3,Bot
304,4,Bot
304,1,Bot
304,2,Bot
304,0,Bot
304,1,Bot
304,1,Bot
304,2,Bot
304,1,Bot
304,2,Bot
305,14,Bot
305,2,Bot
305,2,Bot
305,1,Bot
305,1,Bot
305,2,Bot
305,3,Bot
305,2,Bot
305,2,Bot
305,4,Bot
306,14,Bot
305,3,Bot
305,2,Bot
306,2,Bot
306,3,Bot
306,2,Bot
306,2,Bot
306,0,Bot
306,1,Bot
306,4,Bot
306,1,Bot
306,0,Bot
306,1,Bot
306,1,Bot
306,1,Bot
306,2,Bot
307,15,Bot
307,3,Bot
307,2,Bot
307,3,Bot
307,1,Bot
307,2,Bot
307,1,Bot
307,3,Bot
307,2,Bot
307,3,Bot
307,5,Bot
307,1,Bot
307,2,Bot
307,2,Bot
307,1,Bot
308,2,Bot
308,3,Bot
308,2,Bot
308,2,Bot
308,3,Bot
308,2,Bot
308,4,Bot
308,3,Bot
308,2,Bot
308,2,Bot
308,1,Bot
309,14,Bot
309,6,Bot
309,8,Bot
310,13,Bot
310,4,Bot
310,6,Bot
311,16,Bot
311,5,Bot
311,8,Bot
312,14,Bot
312,5,Bot
312,6,Bot
314,4,Bot
314,3,Bot
313,14,Bot
314,3,Bot
313,1,Bot
314,15,Bot
314,3,Bot
313,0,Bot
314,3,Bot
313,2,Bot
313,1,Bot
314,3,Bot
313,2,Bot
314,2,Bot
313,1,Bot
314,2,Bot
314,2,Bot
313,1,Bot
313,1,Bot
313,1,Bot
313,1,Bot
313,2,Bot
315,3,Bot
315,7,Bot
315,5,Bot
315,2,Bot
315,5,Bot
315,4,Bot
315,3,Bot
315,3,Bot
315,2,Bot
315,3,Bot
317,18,Bot
317,3,Bot
317,3,Bot
317,5,Bot
317,4,Bot
317,3,Bot
317,3,Bot
317,14,Bot
317,2,Bot
317,3,Bot
317,3,Bot
318,16,Bot
318,5,Bot
318,3,Bot
318,3,Bot
318,3,Bot
318,4,Bot
318,10,Bot
318,2,Bot
319,18,Bot
319,5,Bot
320,14,Bot
320,3,Bot
320,4,Bot
320,4,Bot
320,3,Bot
320,3,Bot
320,10,Bot
320,3,Bot
320,1,Bot
322,4,Bot
322,4,Bot
322,4,Bot
322,17,Bot
322,2,Bot
322,3,Bot
322,2,Bot
322,2,Bot
322,2,Bot
323,19,Bot
323,3,Bot
323,6,Bot
323,5,Bot
323,4,Bot
323,2,Bot
323,5,Bot
324,14,Bot
324,3,Bot
323,2,Bot
324,4,Bot
324,3,Bot
323,5,Bot
324,4,Bot
323,3,Bot
323,2,Bot
324,3,Bot
324,9,Bot
325,18,Bot
325,3,Bot
325,1,Bot
325,3,Bot
325,3,Bot
325,3,Bot
325,2,Bot
325,5,Bot
325,3,Bot
326,15,Bot
325,3,Bot
325,4,Bot
325,2,Bot
326,6,Bot
326,3,Bot
325,3,Bot
326,3,Bot
326,3,Bot
326,3,Bot
326,2,Bot
326,2,Bot
327,14,Bot
327,4,Bot
327,3,Bot
327,3,Bot
327,4,Bot
327,4,Bot
327,4,Bot
327,3,Bot
328,13,Bot
327,2,Bot
328,3,Bot
328,2,Bot
328,4,Bot
328,3,Bot
329,16,Bot
329,4,Bot
329,18,Bot
329,25,Bot
330,13,Bot
330,3,Bot
330,4,Bot
330,2,Bot
330,2,Bot
330,3,Bot
330,2,Bot
330,6,Bot
331,15,Bot
330,3,Bot
331,4,Bot
330,1,Bot
331,4,Bot
331,28,Bot
333,16,Bot
333,5,Bot
333,5,Bot
333,32,Bot
334,11,Bot
334,3,Bot
334,3,Bot
334,1,Bot
334,1,Bot
334,1,Bot
334,1,Bot
334,4,Bot
334,4,Bot
334,2,Bot
334,4,Bot
335,19,Bot
335,3,Bot
334,2,Bot
335,8,Bot
335,27,Bot
336,13,Bot
336,1,Bot
336,4,Bot
336,5,Bot
336,2,Bot
336,2,Bot
336,3,Bot
336,1,Bot
337,18,Bot
336,1,Bot
336,1,Bot
337,17,Bot
336,3,Bot
337,7,Bot
336,2,Bot
336,4,Bot
336,3,Bot
337,29,Bot
338,17,Bot
338,5,Bot
338,7,Bot
339,18,Bot
339,1,Bot
339,5,Bot
338,27,Bot
341,15,Bot
340,20,Bot
341,2,Bot
340,2,Bot
340,5,Bot
341,1,Bot
340,2,Bot
341,2,Bot
341,2,Bot
341,2,Bot
342,15,Bot
342,2,Bot
342,1,Bot
343,15,Bot
342,1,Bot
343,3,Bot
342,3,Bot
342,1,Bot
343,2,Bot
343,3,Bot
343,4,Bot
343,2,Bot
343,4,Bot
343,5,Bot
343,4,Bot
343,4,Bot
344,15,Bot
344,2,Bot
344,2,Bot
344,1,Bot
344,1,Bot
344,3,Bot
345,16,Bot
345,2,Bot
345,1,Bot
345,1,Bot
345,2,Bot
345,1,Bot
346,15,Bot
345,3,Bot
345,2,Bot
345,4,Bot
346,4,Bot
345,2,Bot
345,3,Bot
345,3,Bot
346,4,Bot
346,2,Bot
346,2,Bot
346,2,Bot
347,18,Bot
347,3,Bot
347,3,Bot
347,3,Bot
347,2,Bot
347,4,Bot
347,4,Bot
348,13,Bot
347,4,Bot
347,5,Bot
348,4,Bot
347,2,Bot
347,1,Bot
348,5,Bot
347,4,Bot
347,6,Bot
347,3,Bot
348,10,Bot
348,3,Bot
348,3,Bot
348,3,Bot
348,1,Bot
349,13,Bot
349,4,Bot
350,14,Bot
350,2,Bot
350,4,Bot
350,3,Bot
350,8,Bot
350,2,Bot
351,24,Bot
351,5,Bot
351,4,Bot
351,4,Bot
351,3,Bot
351,4,Bot
353,15,Bot
352,13,Bot
352,4,Bot
352,0,Bot
353,4,Bot
352,3,Bot
352,2,Bot
353,3,Bot
352,3,Bot
352,3,Bot
353,3,Bot
352,3,Bot
353,8,Bot
352,1,Bot
353,1,Bot
352,4,Bot
354,15,Bot
354,4,Bot
355,11,Bot
355,3,Bot
355,2,Bot
355,2,Bot
354,4,Bot
355,6,Bot
355,2,Bot
354,3,Bot
355,1,Bot
355,1,Bot
355,3,Bot
354,3,Bot
355,3,Bot
355,3,Bot
354,2,Bot
355,1,Bot
354,3,Bot
354,2,Bot
356,14,Bot
356,4,Bot
356,3,Bot
356,2,Bot
356,2,Bot
356,2,Bot
356,1,Bot
358,14,Bot
358,3,Bot
358,3,Bot
358,3,Bot
358,4,Bot
358,7,Bot
358,2,Bot
358,1,Bot
359,16,Bot
359,4,Bot
359,12,Bot
359,3,Bot
360,14,Bot
360,16,Bot
359,3,Bot
360,1,Bot
359,3,Bot
360,1,Bot
360,1,Bot
359,2,Bot
360,3,Bot
360,11,Bot
359,2,Bot
360,2,Bot
360,3,Bot
360,5,Bot
360,5,Bot
360,6,Bot
360,3,Bot
360,15,Bot
360,2,Bot
360,3,Bot
360,3,Bot
361,14,Bot
361,2,Bot
361,1,Bot
361,1,Bot
361,1,Bot
361,1,Bot
361,2,Bot
361,1,Bot
361,4,Bot
362,13,Bot
361,4,Bot
361,15,Bot
362,4,Bot
362,2,Bot
362,4,Bot
362,3,Bot
362,3,Bot
362,3,Bot
362,2,Bot
362,2,Bot
363,12,Bot
363,1,Bot
363,1,Bot
363,1,Bot
363,1,Bot
363,1,Bot
363,0,Bot
363,1,Bot
363,1,Bot
363,3,Bot
363,3,Bot
363,3,Bot
366,16,Bot
366,3,Bot
366,2,Bot
366,3,Bot
366,2,Bot
366,2,Bot
366,2,Bot
366,1,Bot
366,1,Bot
366,1,Bot
366,2,Bot
367,16,Bot
367,3,Bot
367,2,Bot
369,16,Bot
369,2,Bot
369,2,Bot
369,3,Bot
369,2,Bot
369,1,Bot
369,3,Bot
369,2,Bot
370,12,Bot
370,22,Bot
369,2,Bot
369,2,Bot
370,4,Bot
370,2,Bot
369,5,Bot
370,1,Bot
370,1,Bot
371,13,Bot
371,4,Bot
371,0,Bot
371,1,Bot
371,1,Bot
371,2,Bot
371,1,Bot
371,1,Bot
371,0,Bot
371,3,Bot
371,2,Bot
371,2,Bot
372,8,Bot
372,1,Bot
372,0,Bot
372,1,Bot
372,2,Bot
372,1,Bot
372,1,Bot
372,1,Bot
372,4,Bot
372,1,Bot
372,4,Bot
372,1,Bot
372,1,Bot
373,15,Bot
373,3,Bot
373,1,Bot
373,4,Bot
373,2,Bot
373,3,Bot
373,1,Bot
373,2,Bot
374,13,Bot
374,2,Bot
373,2,Bot
373,1,Bot
374,1,Bot
374,5,Bot
374,1,Bot
373,3,Bot
374,1,Bot
374,8,Bot
374,4,Bot
374,3,Bot
375,18,Bot
375,2,Bot
375,1,Bot
375,3,Bot
375,2,Bot
375,3,Bot
375,2,Bot
376,11,Bot
375,2,Bot
376,17,Bot
375,1,Bot
375,2,Bot
376,1,Bot
376,2,Bot
376,1,Bot
376,1,Bot
376,1,Bot
375,3,Bot
376,2,Bot
376,5,Bot
376,4,Bot
376,1,Bot
376,3,Bot
376,1,Bot
376,2,Bot
376,0,Bot
376,0,Bot
377,17,Bot
377,3,Bot
377,2,Bot
377,2,Bot
377,2,Bot
377,3,Bot
377,2,Bot
377,2,Bot
378,14,Bot
377,1,Bot
377,4,Bot
378,1,Bot
377,2,Bot
378,1,Bot
378,2,Bot
378,1,Bot
379,23,Bot
379,3,Bot
378,2,Bot
379,3,Bot
378,5,Bot
378,1,Bot
379,1,Bot
379,2,Bot
379,2,Bot
379,2,Bot
379,2,Bot
379,1,Bot
379,3,Bot
379,2,Bot
380,11,Bot
380,0,Bot
380,1,Bot
380,2,Bot
381,17,Bot
381,3,Bot
380,2,Bot
380,2,Bot
381,2,Bot
380,1,Bot
381,3,Bot
380,2,Bot
381,2,Bot
380,1,Bot
381,1,Bot
380,1,Bot
381,3,Bot
380,1,Bot
381,2,Bot
382,16,Bot
382,17,Bot
383,15,Bot
383,4,Bot
382,1,Bot
382,2,Bot
382,3,Bot
383,2,Bot
382,1,Bot
383,2,Bot
383,2,Bot
383,1,Bot
383,2,Bot
383,5,Bot
383,2,Bot
383,1,Bot
383,1,Bot
385,15,Bot
385,2,Bot
385,2,Bot
385,2,Bot
385,1,Bot
385,2,Bot
385,2,Bot
385,2,Bot
385,2,Bot
385,3,Bot
385,2,Bot
386,16,Bot
386,2,Bot
386,3,Bot
386,2,Bot
386,2,Bot
386,2,Bot
386,2,Bot
386,2,Bot
386,1,Bot
386,2,Bot
386,1,Bot
387,17,Bot
387,3,Bot
387,2,Bot
387,2,Bot
387,2,Bot
387,2,Bot
387,2,Bot
387,2,Bot
387,1,Bot
387,2,Bot
389,15,Bot
389,2,Bot
390,16,Bot
390,2,Bot
389,1,Bot
389,1,Bot
389,1,Bot
390,2,Bot
389,1,Bot
389,2,Bot
390,4,Bot
389,1,Bot
390,2,Bot
390,2,Bot
390,3,Bot
390,2,Bot
390,1,Bot
390,2,Bot
390,2,Bot
391,18,Bot
391,1,Bot
391,2,Bot
391,2,Bot
391,1,Bot
391,1,Bot
391,2,Bot
391,2,Bot
391,1,Bot
391,1,Bot
391,2,Bot
391,0,Bot
391,1,Bot
391,1,Bot
391,4,Bot
392,15,Bot
392,3,Bot
392,3,Bot
392,3,Bot
392,2,Bot
392,2,Bot
392,1,Bot
392,2,Bot
392,1,Bot
392,2,Bot
393,23,Bot
392,2,Bot
393,1,Bot
393,2,Bot
393,1,Bot
393,1,Bot
393,2,Bot
393,1,Bot
393,7,Bot
393,1,Bot
393,1,Bot
393,4,Bot
393,3,Bot
393,2,Bot
393,2,Bot
394,19,Bot
394,3,Bot
394,2,Bot
394,4,Bot
394,3,Bot
394,3,Bot
395,13,Bot
395,16,Bot
395,0,Bot
395,0,Bot
395,1,Bot
395,2,Bot
395,3,Bot
396,24,Bot
396,1,Bot
396,4,Bot
396,1,Bot
396,0,Bot
396,0,Bot
396,0,Bot
396,0,Bot
396,0,Bot
396,0,Bot
396,1,Bot
398,3,Bot
397,14,Bot
398,2,Bot
398,2,Bot
397,2,Bot
398,2,Bot
398,4,Bot
397,1,Bot
398,3,Bot
398,2,Bot
397,2,Bot
397,2,Bot
398,1,Bot
398,2,Bot
397,1,Bot
397,2,Bot
398,2,Bot
399,15,Bot
399,4,Bot
399,3,Bot
399,2,Bot
400,18,Bot
399,2,Bot
399,2,Bot
400,2,Bot
400,2,Bot
399,3,Bot
400,1,Bot
399,3,Bot
400,1,Bot
400,2,Bot
400,3,Bot
399,1,Bot
399,2,Bot
400,2,Bot
399,3,Bot
401,22,Bot
401,3,Bot
401,2,Bot
401,2,Bot
401,2,Bot
401,1,Bot
402,15,Bot
401,2,Bot
401,2,Bot
402,4,Bot
402,1,Bot
401,2,Bot
401,2,Bot
402,3,Bot
402,1,Bot
402,1,Bot
401,2,Bot
402,1,Bot
402,1,Bot
402,1,Bot
402,1,Bot
402,1,Bot
402,0,Bot
402,1,Bot
402,1,Bot
404,15,Bot
404,2,Bot
404,3,Bot
404,1,Bot
404,2,Bot
404,1,Bot
404,2,Bot
404,1,Bot
404,1,Bot
404,2,Bot
404,0,Bot
404,1,Bot
406,13,Bot
406,17,Bot
406,7,Bot
406,1,Bot
406,1,Bot
406,2,Bot
406,0,Bot
406,3,Bot
406,2,Bot
406,0,Bot
406,3,Bot
406,1,Bot
406,1,Bot
406,1,Bot
406,1,Bot
407,16,Bot
407,2,Bot
407,2,Bot
407,1,Bot
407,1,Bot
407,1,Bot
407,1,Bot
409,16,Bot
409,1,Bot
409,2,Bot
409,1,Bot
410,16,Bot
409,2,Bot
409,1,Bot
410,2,Bot
409,1,Bot
409,1,Bot
410,1,Bot
409,2,Bot
410,2,Bot
409,1,Bot
410,2,Bot
410,3,Bot
409,2,Bot
409,6,Bot
409,2,Bot
409,1,Bot
409,10,Bot
411,15,Bot
411,2,Bot
411,1,Bot
411,1,Bot
411,1,Bot
411,1,Bot
411,1,Bot
411,0,Bot
411,6,Bot
411,1,Bot
411,1,Bot
411,1,Bot
412,18,Bot
411,1,Bot
411,1,Bot
411,1,Bot
412,2,Bot
412,0,Bot
412,0,Bot
412,2,Bot
412,2,Bot
413,2,Bot
413,2,Bot
413,1,Bot
413,1,Bot
414,17,Bot
413,3,Bot
414,1,Bot
414,1,Bot
414,1,Bot
414,2,Bot
414,1,Bot
414,3,Bot
414,3,Bot
415,16,Bot
414,1,Bot
414,3,Bot
414,4,Bot
415,2,Bot
415,2,Bot
415,1,Bot
415,2,Bot
415,3,Bot
416,14,Bot
417,13,Bot
416,2,Bot
417,26,Bot
416,1,Bot
416,1,Bot
417,1,Bot
416,1,Bot
416,2,Bot
417,1,Bot
417,1,Bot
417,1,Bot
417,2,Bot
417,2,Bot
417,1,Bot
417,2,Bot
417,2,Bot
417,1,Bot
418,1,Bot
418,2,Bot
418,2,Bot
418,2,Bot
418,2,Bot
419,14,Bot
419,2,Bot
419,4,Bot
419,4,Bot
419,2,Bot
419,1,Bot
419,1,Bot
419,15,Bot
419,2,Bot
419,1,Bot
420,17,Bot
420,3,Bot
420,1,Bot
421,17,Bot
420,1,Bot
420,1,Bot
421,2,Bot
420,1,Bot
421,3,Bot
421,5,Bot
421,1,Bot
420,1,Bot
420,2,Bot
421,2,Bot
422,20,Bot
423,12,Bot
422,2,Bot
422,2,Bot
423,2,Bot
422,2,Bot
423,1,Bot
422,2,Bot
423,4,Bot
423,1,Bot
422,5,Bot
423,1,Bot
423,1,Bot
423,2,Bot
423,2,Bot
423,1,Bot
424,14,Bot
424,3,Bot
424,4,Bot
424,16,Bot
424,4,Bot
424,3,Bot
424,2,Bot
424,1,Bot
426,14,Bot
426,3,Bot
426,3,Bot
426,5,Bot
426,3,Bot
426,3,Bot
427,13,Bot
426,4,Bot
427,1,Bot
426,2,Bot
427,2,Bot
426,4,Bot
427,4,Bot
426,2,Bot
426,3,Bot
427,1,Bot
427,1,Bot
427,6,Bot
427,1,Bot
428,14,Bot
427,1,Bot
427,1,Bot
428,4,Bot
428,4,Bot
428,15,Bot
428,5,Bot
428,3,Bot
428,5,Bot
428,3,Bot
428,3,Bot
429,14,Bot
429,4,Bot
429,2,Bot
429,1,Bot
429,1,Bot
429,2,Bot
429,1,Bot
429,2,Bot
429,2,Bot
429,1,Bot
429,0,Bot
429,4,Bot
429,2,Bot
429,0,Bot
429,0,Bot
430,15,Bot
429,0,Bot
429,7,Bot
430,3,Bot
430,4,Bot
430,10,Bot
430,4,Bot
430,3,Bot
430,4,Bot
430,2,Bot
430,1,Bot
431,16,Bot
431,3,Bot
431,2,Bot
431,1,Bot
432,15,Bot
432,2,Bot
432,5,Bot
432,4,Bot
432,4,Bot
432,4,Bot
432,4,Bot
432,3,Bot
432,2,Bot
432,2,Bot
432,2,Bot
433,18,Bot
434,13,Bot
433,2,Bot
433,0,Bot
433,1,Bot
433,0,Bot
434,3,Bot
434,4,Bot
433,3,Bot
434,4,Bot
433,1,Bot
434,4,Bot
434,3,Bot
433,2,Bot
434,3,Bot
433,1,Bot
434,2,Bot
433,3,Bot
433,2,Bot
433,2,Bot
433,1,Bot
433,4,Bot
435,20,Bot
435,3,Bot
435,3,Bot
436,15,Bot
436,1,Bot
435,11,Bot
436,2,Bot
436,1,Bot
436,2,Bot
435,3,Bot
436,1,Bot
436,0,Bot
435,2,Bot
435,2,Bot
436,1,Bot
436,7,Bot
436,2,Bot
436,1,Bot
437,17,Bot
437,3,Bot
437,2,Bot
437,2,Bot
438,3,Bot
438,11,Bot
438,3,Bot
438,4,Bot
438,3,Bot
439,16,Bot
438,2,Bot
439,17,Bot
439,2,Bot
439,0,Bot
439,2,Bot
439,3,Bot
440,14,Bot
440,3,Bot
440,3,Bot
440,8,Bot
441,16,Bot
440,2,Bot
441,1,Bot
440,3,Bot
441,6,Bot
440,2,Bot
441,1,Bot
441,2,Bot
441,4,Bot
441,1,Bot
441,1,Bot
441,1,Bot
441,1,Bot
441,1,Bot
442,25,Bot
442,3,Bot
443,14,Bot
442,4,Bot
443,2,Bot
442,3,Bot
443,7,Bot
442,2,Bot
443,5,Bot
442,2,Bot
442,2,Bot
443,2,Bot
443,3,Bot
445,14,Bot
444,13,Bot
444,5,Bot
444,1,Bot
445,4,Bot
444,1,Bot
444,1,Bot
444,1,Bot
445,4,Bot
444,2,Bot
444,2,Bot
445,3,Bot
444,1,Bot
445,3,Bot
445,8,Bot
445,2,Bot
445,1,Bot
446,14,Bot
447,3,Bot
446,3,Bot
446,1,Bot
446,2,Bot
446,1,Bot
446,4,Bot
446,2,Bot
446,0,Bot
446,3,Bot
446,1,Bot
448,14,Bot
448,1,Bot
448,1,Bot
448,1,Bot
448,1,Bot
448,1,Bot
448,1,Bot
448,4,Bot
448,2,Bot
448,3,Bot
448,2,Bot
448,1,Bot
448,0,Bot
448,0,Bot
449,16,Bot
449,27,Bot
449,2,Bot
449,2,Bot
449,3,Bot
449,0,Bot
449,3,Bot
449,2,Bot
449,1,Bot
449,1,Bot
449,1,Bot
449,1,Bot
449,2,Bot
449,0,Bot
